<?xml version="1.0" encoding="UTF-8"?>
<xml><records><record><database name="MyLibrary">MyLibrary</database><source-app name="Zotero">Zotero</source-app><ref-type name="Book Section">5</ref-type><contributors><authors><author>Garcia, Alfredo</author><author>Li, Chenyang</author><author>Pedraza, Fernan</author></authors></contributors><titles><title>Rational swarms for distributed on-line Bayesian search</title><secondary-title>Proceedings of the 1st international conference on Robot communication and coordination</secondary-title></titles><periodical><full-title>Proceedings of the 1st international conference on Robot communication and coordination</full-title></periodical><pages>Article 25</pages><dates><year>2007</year><pub-dates><date>2007</date></pub-dates></dates><publisher>IEEE Press</publisher><isbn>978-963-9799-08-0</isbn><research-notes>The following values have no corresponding Zotero field:&#xD;periodical: Proceedings of the 1st international conference on Robot communication and coordination&#xD;&#xD;The following values have no corresponding Zotero field:&#xD;periodical: Proceedings of the 1st international conference on Robot communication and coordination</research-notes></record><record><database name="MyLibrary">MyLibrary</database><source-app name="Zotero">Zotero</source-app><ref-type name="Book Section">5</ref-type><contributors><authors><author>Cohen, Philip R.</author><author>Tumuluri, Raj</author></authors></contributors><titles><title>Commercialization of multimodal systems</title><secondary-title>The Handbook of Multimodal-Multisensor Interfaces: Language Processing, Software, Commercialization, and Emerging Directions</secondary-title></titles><periodical><full-title>The Handbook of Multimodal-Multisensor Interfaces: Language Processing, Software, Commercialization, and Emerging Directions</full-title></periodical><pages>621–658</pages><dates><year>2019</year><pub-dates><date>2019</date></pub-dates></dates><publisher>Association for Computing Machinery and Morgan &amp;amp; Claypool</publisher><isbn>978-1-970001-75-4</isbn><research-notes>The following values have no corresponding Zotero field:&#xD;periodical: The Handbook of Multimodal-Multisensor Interfaces: Language Processing, Software, Commercialization, and Emerging Directions&#xD;&#xD;The following values have no corresponding Zotero field:&#xD;periodical: The Handbook of Multimodal-Multisensor Interfaces: Language Processing, Software, Commercialization, and Emerging Directions</research-notes><urls><web-urls><url>https://doi.org/10.1145/3233795.3233812</url></web-urls></urls></record></records></xml>