<?xml version="1.0" encoding="UTF-8"?>
<xml><records><record><database name="MyLibrary">MyLibrary</database><source-app name="Zotero">Zotero</source-app><ref-type name="Journal Article">17</ref-type><contributors><authors><author>L. Sultan</author><author>M. Anjum</author><author>M. Rehman</author><author>S. Murawwat</author><author>H. Kosar</author></authors></contributors><titles><title>Communication Among Heterogeneous Unmanned Aerial Vehicles (UAVs): Classification, Trends, and Analysis</title><secondary-title>IEEE Access</secondary-title></titles><periodical><full-title>IEEE Access</full-title><abbr-1>IEEE Access</abbr-1></periodical><pages>118815-118836</pages><volume>9</volume><dates><year>2021</year><pub-dates><date>2021</date></pub-dates></dates><isbn>2169-3536</isbn><electronic-resource-num>10.1109/ACCESS.2021.3107479</electronic-resource-num><abstract>In the past decade, unmanned aerial vehicles (UAVs) have become a major research topic in robotics, despite their existence since 1915. UAVs can perform various activities efficiently and effectively; therefore, involving a group of UAVs in performing a certain task has become a growing research trend. Research involving multiple UAVs has been carried out in various areas such as force protection, warfare in the military, remote sensing, disaster response activities, and surveillance. While performing critical tasks, efficiency and robustness are important considerations that can be achieved by involving heterogeneous UAV teams with effective communication and coordination techniques. Communication among heterogeneous UAVs is an interesting and critical research area that needs to be thoroughly explored. In this research, an evidence-based approach is adopted to explore research carried out on multiple heterogeneous UAVs and their communication patterns while performing various activities. A mapping study research technique is employed to systematically collect, analyze, and assess the evidence available on the topic under discussion. The time period defined for this study was set from 2005 to 2019, and 46 primary studies were considered for thematic analysis. The findings show that research studies fall under the category of validation research by constructing simulations to provide a proof-of-concept implementation of the proposed solutions. The communication patterns among heterogeneous UAVs involve various components of UAV communication, networking, formation, and path planning. The application areas that were largely focused on were search, rescue, monitoring, and surveillance missions. The overall trend showed that interest in multiple heterogeneous UAV usage increases over time with a focus on UAV networks, formations, and path planning while considering communication as an implicit part of all these structures. This research has conducted an in-depth analysis of existing research on heterogeneous UAVs and provides classification and trends of various themes emerging within this research area.</abstract></record><record><database name="MyLibrary">MyLibrary</database><source-app name="Zotero">Zotero</source-app><ref-type name="Conference Proceedings">10</ref-type><contributors><authors><author>R. Doriya</author><author>S. Mishra</author><author>S. Gupta</author></authors></contributors><titles><title>A brief survey and analysis of multi-robot communication and coordination</title><secondary-title>International Conference on Computing, Communication &amp; Automation</secondary-title></titles><periodical><full-title>International Conference on Computing, Communication &amp; Automation</full-title></periodical><pages>1014-1021</pages><dates><year>2015</year><pub-dates><date>15-16 May 2015</date></pub-dates></dates><electronic-resource-num>10.1109/CCAA.2015.7148524</electronic-resource-num><abstract>Robot navigation is one of the basic problem in robotics. In the field of multi robot systems, it has become an interesting area for researchers to design algorithms that co-ordinate the movement and control the communication of multiple robots. A big challenge in this area is to design a suitable framework which makes multiple robots to work as a team to perform their task and reach their goal. In this paper, we present a brief survey of various researches being carried out in the field of multi-robot coordination and communication. We also present a framework for multi robot coordination and communication with the help of cloud. In this framework, Particle Swarm Optimization (PSO) has been used for coordination whereas Cluster Head Gateway Switch Routing (CGSR) protocol is used for communication among the robots.</abstract><research-notes>The following values have no corresponding Zotero field:&#xD;periodical: International Conference on Computing, Communication &amp; Automation&#xD;&#xD;The following values have no corresponding Zotero field:&#xD;periodical: International Conference on Computing, Communication &amp; Automation</research-notes><custom3>International Conference on Computing, Communication &amp; Automation</custom3></record><record><database name="MyLibrary">MyLibrary</database><source-app name="Zotero">Zotero</source-app><ref-type name="Conference Proceedings">10</ref-type><contributors><authors><author>H. Chen</author><author>X. -m. Wang</author><author>Y. Li</author></authors></contributors><titles><title>A Survey of Autonomous Control for UAV</title><secondary-title>2009 International Conference on Artificial Intelligence and Computational Intelligence</secondary-title></titles><periodical><full-title>2009 International Conference on Artificial Intelligence and Computational Intelligence</full-title></periodical><pages>267-271</pages><volume>2</volume><dates><year>2009</year><pub-dates><date>7-8 Nov. 2009</date></pub-dates></dates><electronic-resource-num>10.1109/AICI.2009.147</electronic-resource-num><abstract>This paper presents the autonomous control for UAV. The autonomous control concept and autonomous control level (ACL) metrics that can measure autonomy of UAVs are introduced. Compared with manned aircraft control task in battlefield, the functions of autonomous UAV system are organized. According to the laws of increasing precision with decreasing intelligent (IPDI), the architecture of autonomous control for UAV is given. The architecture can be divided into three levels: execution level, coordination level and organization level. The constraint conditions and realizations of coordination level and organization level are studied comprehensively. The key hardware and software technologies for multi-tasks are modularized depending on the requirements of mission. The software technologies are distributed to stages of flying particularly.</abstract><research-notes>The following values have no corresponding Zotero field:&#xD;periodical: 2009 International Conference on Artificial Intelligence and Computational Intelligence&#xD;&#xD;The following values have no corresponding Zotero field:&#xD;periodical: 2009 International Conference on Artificial Intelligence and Computational Intelligence</research-notes><custom3>2009 International Conference on Artificial Intelligence and Computational Intelligence</custom3></record><record><database name="MyLibrary">MyLibrary</database><source-app name="Zotero">Zotero</source-app><ref-type name="Conference Proceedings">10</ref-type><contributors><authors><author>J. Clifford</author><author>M. Towhidnejad</author><author>J. Neighbors</author><author>E. Verenich</author><author>G. Staskevich</author></authors></contributors><titles><title>Highly Flexible Swarm Intelligence Algorithm for Resilient Autonomous Systems</title><secondary-title>2018 IEEE/AIAA 37th Digital Avionics Systems Conference (DASC)</secondary-title><tertiary-title>AIAA/IEEE Digital Avionics Systems Conference - Proceedings</tertiary-title></titles><periodical><full-title>37th IEEE/AIAA International Digital Avionics Systems Conference, DASC 2018, September 23, 2018 - September 27, 2018</full-title></periodical><pages>AESS; AIAA; DATC; et al.; IEEE; NASA</pages><volume>2018-September</volume><keywords><keyword>Network architecture</keyword><keyword>Swarm intelligence</keyword><keyword>Biomimetics</keyword><keyword>Intelligent systems</keyword><keyword>Genetic algorithms</keyword><keyword>Cognitive systems</keyword><keyword>Neural networks</keyword><keyword>Memory architecture</keyword><keyword>Swarm intelligence algorithms</keyword><keyword>Planning and control</keyword><keyword>Genetic algorithm</keyword><keyword>Digital avionics</keyword><keyword>Intelligent Systems</keyword><keyword>Co-operative systems</keyword><keyword>Genetic Algorithm</keyword><keyword>High level architecture</keyword><keyword>Air Force Research lab</keyword><keyword>Biologically inspired</keyword><keyword>Neural network</keyword><keyword>Artificial life</keyword><keyword>Artificial life algorithm</keyword><keyword>Scalable performance</keyword><keyword>Neural Network</keyword></keywords><dates><year>2018</year><pub-dates><date>23-27 Sept. 2018</date></pub-dates></dates><publisher>Institute of Electrical and Electronics Engineers Inc.</publisher><isbn>21557195 (ISSN); 978-153864112-5 (ISBN)</isbn><electronic-resource-num>10.1109/DASC.2018.8569720</electronic-resource-num><abstract>This paper provides an update to our ongoing Resilient Autonomous Systems (RAS) project that is being conducted at Embry-Riddle Aeronautical University and is supported by the Air Force Research Lab (AFRL). The objective of the RAS project is to develop a distributed multi-layer autonomous UAS planning and control technology for gathering intelligence in Anti-Access Area Denial (A2/AD) environments populated by intelligent adaptive adversaries. These resilient autonomous systems are able to navigate through hostile environments while collecting intelligence and minimizing the loss of assets. Our approach incorporates artificial life concepts, with the high-level architecture divided into three biologically inspired meta-layers: cyber-physical, reactive, and deliberative. Each meta-layer is a combination of N layers, each representing simple behavior, and collectively having a dynamic level of influence over the behavior of the agent. Algorithms within each layer act on a combination of perceptions, memory, and intents. Perceptions represent a filtered view of reality, abstracted in the layer immediately below, modified in the current layer, and passed to the next highest layer. Intents represent a recommended action output from the layer above, modified in the current layer, and passed to the next lowest layer. Each cycle, perceptions and intents are cleared. Memory permeates each layer, and allows the layers to retain some knowledge from previous cycles. Fast-reactive control systems in low meta-layers ensure a stable environment supporting cognitive function on higher meta-layers. The key concepts of our approach are: A layered architecture of intelligence on a spectrum from reactive to deliberative; the use of artificial life algorithms providing robust, complex behavior from a set of simple rules; communication of information between agents via observation; the use of a genetic algorithm (GA) to assist the team in selecting and adapting the best solutions for each layer. This distributed cooperative system of intelligent assets will provide adaptable, scalable performance to accomplish mission goals in challenging environments. © 2018 IEEE.</abstract><research-notes>Compilation and indexing terms, Copyright 2023 Elsevier Inc.&#xD;&#xD;Export Date: 22 November 2023; Cited By: 1; Conference name: 37th IEEE/AIAA International Digital Avionics Systems Conference, DASC 2018; Conference date: 23 September 2018 through 27 September 2018; Conference code: 143574; CODEN: ADACF&#xD;&#xD;The following values have no corresponding Zotero field:&#xD;periodical: 37th IEEE/AIAA International Digital Avionics Systems Conference, DASC 2018, September 23, 2018 - September 27, 2018&#xD;&#xD;The following values have no corresponding Zotero field:&#xD;periodical: 2018 IEEE/AIAA 37th Digital Avionics Systems Conference (DASC)&#xD;&#xD;The following values have no corresponding Zotero field:&#xD;periodical: 2018 IEEE/AIAA 37TH DIGITAL AVIONICS SYSTEMS CONFERENCE (DASC)&#xD;&#xD;The following values have no corresponding Zotero field:&#xD;periodical: AIAA IEEE Dig Avionics Syst Conf Proc&#xD;&#xD;The following values have no corresponding Zotero field:&#xD;periodical: 37th IEEE/AIAA International Digital Avionics Systems Conference, DASC 2018, September 23, 2018 - September 27, 2018</research-notes><language>English</language><urls><web-urls><url>https://www.scopus.com/inward/record.uri?eid=2-s2.0-85060579882&amp;doi=10.1109%2fDASC.2018.8569720&amp;partnerID=40&amp;md5=bac2f1bf98829342fe11b3f9283121e2</url></web-urls><text-urls><url>http://dx.doi.org/10.1109/DASC.2018.8569720</url></text-urls></urls><custom1>London, United kingdom</custom1><custom3>37th IEEE/AIAA International Digital Avionics Systems Conference, DASC 2018, September 23, 2018 - September 27, 2018</custom3></record><record><database name="MyLibrary">MyLibrary</database><source-app name="Zotero">Zotero</source-app><ref-type name="Conference Proceedings">10</ref-type><contributors><authors><author>M. A. Lopez</author><author>M. Baddeley</author><author>W. T. Lunardi</author><author>A. Pandey</author><author>J. -P. Giacalone</author></authors></contributors><titles><title>Towards Secure Wireless Mesh Networks for UAV Swarm Connectivity: Current Threats, Research, and Opportunities</title><secondary-title>Proceedings - 17th Annual International Conference on Distributed Computing in Sensor Systems, DCOS 2021</secondary-title><tertiary-title>Proceedings - 17th Annual International Conference on Distributed Computing in Sensor Systems, DCOS 2021</tertiary-title></titles><periodical><full-title>17th Annual International Conference on Distributed Computing in Sensor Systems, DCOS 2021, July 14, 2021 - July 16, 2021</full-title></periodical><pages>319-326</pages><keywords><keyword>Security</keyword><keyword>Unmanned aerial vehicles (UAV)</keyword><keyword>Dynamic environments</keyword><keyword>Ad hoc networks</keyword><keyword>Ad-hoc networks</keyword><keyword>Communications networks</keyword><keyword>Network security</keyword><keyword>Behavioral research</keyword><keyword>'current</keyword><keyword>Mission requirements</keyword><keyword>UAVs</keyword><keyword>Swarm</keyword><keyword>Complex mission</keyword><keyword>Co-operative behaviors</keyword><keyword>Mesh generation</keyword><keyword>MESH networking</keyword><keyword>Mesh Networks</keyword><keyword>MeshNetworks</keyword><keyword>Wireless mesh networks (WMN)</keyword><keyword>AUTHENTICATION</keyword></keywords><dates><year>2021</year><pub-dates><date>14-16 July 2021</date></pub-dates></dates><publisher>Institute of Electrical and Electronics Engineers Inc.</publisher><isbn>978-166543929-9 (ISBN)</isbn><electronic-resource-num>10.1109/DCOSS52077.2021.00059</electronic-resource-num><abstract>UAVs are increasingly appearing in swarms or formations to leverage cooperative behavior, forming flying ad hoc networks. These UAV-enabled networks can meet several complex mission requirements and are seen as a potential enabler for many of the emerging use-cases in future communication networks. Such networks, however, are characterized by a highly dynamic and mobile environment with no guarantee of a central network infrastructure which can cause both connectivity and security issues. While wireless mesh networks are envisioned as a solution for such scenarios, these networks come with their own challenges and security vulnerabilities. In this paper, we analyze the key security and resilience issues resulting from the application of wireless mesh networks within UAV swarms. Specifically, we highlight the main challenges of applying current mesh technologies within the domain of UAV swarms and expose existing vulnerabilities across the communication stack. Based on this analysis, we present a security-focused architecture for UAV mesh communications. Finally, from the identification of these vulnerabilities, we discuss research opportunities posed by the unique challenges of UAV swarm connectivity. © 2021 IEEE.</abstract><research-notes>Compilation and indexing terms, Copyright 2023 Elsevier Inc.&#xD;&#xD;Export Date: 22 November 2023; Cited By: 13; Conference name: 17th Annual International Conference on Distributed Computing in Sensor Systems, DCOS 2021; Conference date: 14 July 2021 through 16 July 2021; Conference code: 174301&#xD;&#xD;The following values have no corresponding Zotero field:&#xD;periodical: 17th Annual International Conference on Distributed Computing in Sensor Systems, DCOS 2021, July 14, 2021 - July 16, 2021&#xD;&#xD;The following values have no corresponding Zotero field:&#xD;periodical: 17TH ANNUAL INTERNATIONAL CONFERENCE ON DISTRIBUTED COMPUTING IN SENSOR SYSTEMS (DCOSS 2021)&#xD;&#xD;The following values have no corresponding Zotero field:&#xD;periodical: 2021 17th International Conference on Distributed Computing in Sensor Systems (DCOSS)&#xD;&#xD;The following values have no corresponding Zotero field:&#xD;periodical: Proc. - Annu. Int. Conf. Distrib. Comput. Sens. Syst., DCOS&#xD;&#xD;The following values have no corresponding Zotero field:&#xD;periodical: 17th Annual International Conference on Distributed Computing in Sensor Systems, DCOS 2021, July 14, 2021 - July 16, 2021</research-notes><language>English</language><urls><web-urls><url>https://www.scopus.com/inward/record.uri?eid=2-s2.0-85123284965&amp;doi=10.1109%2fDCOSS52077.2021.00059&amp;partnerID=40&amp;md5=b9c5fd6ffdfe3d215fd5b68c37fc0d07</url></web-urls><text-urls><url>http://dx.doi.org/10.1109/DCOSS52077.2021.00059</url></text-urls></urls><custom1>Virtual, Online, Cyprus</custom1><custom3>17th Annual International Conference on Distributed Computing in Sensor Systems, DCOS 2021, July 14, 2021 - July 16, 2021</custom3></record><record><database name="MyLibrary">MyLibrary</database><source-app name="Zotero">Zotero</source-app><ref-type name="Conference Proceedings">10</ref-type><contributors><authors><author>M. Toyoshima</author></authors></contributors><titles><title>Recent Trends in Space Laser Communications for Small Satellites and Constellations</title><secondary-title>2019 IEEE International Conference on Space Optical Systems and Applications (ICSOS)</secondary-title></titles><periodical><full-title>2019 IEEE International Conference on Space Optical Systems and Applications (ICSOS)</full-title></periodical><pages>1-5</pages><dates><year>2019</year><pub-dates><date>14-16 Oct. 2019</date></pub-dates></dates><electronic-resource-num>10.1109/ICSOS45490.2019.8978972</electronic-resource-num><abstract>Space laser communications have been verified in orbit recently by a CubeSat microsatellite, which will revolutionize space systems architecture because this type of communication can realize high speed even with smaller and lighter equipment. Many satellite mega-constellations plan to use space laser communications owing to its high-capacity compared with radio frequency communications under the constraints imposed by the limited availability of radio frequency allocation. This paper presents the trends and future prospects of space laser communications.</abstract><research-notes>The following values have no corresponding Zotero field:&#xD;periodical: 2019 IEEE International Conference on Space Optical Systems and Applications (ICSOS)&#xD;&#xD;The following values have no corresponding Zotero field:&#xD;periodical: 2019 IEEE International Conference on Space Optical Systems and Applications (ICSOS)</research-notes><custom3>2019 IEEE International Conference on Space Optical Systems and Applications (ICSOS)</custom3></record><record><database name="MyLibrary">MyLibrary</database><source-app name="Zotero">Zotero</source-app><ref-type name="Journal Article">17</ref-type><contributors><authors><author>S. Hayat</author><author>E. Yanmaz</author><author>R. Muzaffar</author></authors></contributors><titles><title>Survey on Unmanned Aerial Vehicle Networks for Civil Applications: A Communications Viewpoint</title><secondary-title>IEEE Communications Surveys &amp; Tutorials</secondary-title></titles><periodical><full-title>IEEE Communications Surveys &amp; Tutorials</full-title><abbr-1>IEEE Communications Surveys &amp; Tutorials</abbr-1></periodical><pages>2624-2661</pages><volume>18</volume><number>4</number><issue>4</issue><dates><year>2016</year><pub-dates><date>Fourthquarter 2016</date></pub-dates></dates><isbn>1553-877X</isbn><electronic-resource-num>10.1109/COMST.2016.2560343</electronic-resource-num><abstract>The days where swarms of unmanned aerial vehicles (UAVs) will occupy our skies are fast approaching due to the introduction of cost-efficient and reliable small aerial vehicles and the increasing demand for use of such vehicles in a plethora of civil applications. Governments and industry alike have been heavily investing in the development of UAVs. As such it is important to understand the characteristics of networks with UAVs to enable the incorporation of multiple, coordinated aerial vehicles into the air traffic in a reliable and safe manner. To this end, this survey reports the characteristics and requirements of UAV networks for envisioned civil applications over the period 2000-2015 from a communications and networking viewpoint. We survey and quantify quality-of-service requirements, network-relevant mission parameters, data requirements, and the minimum data to be transmitted over the network. Furthermore, we elaborate on general networking related requirements such as connectivity, adaptability, safety, privacy, security, and scalability. We also report experimental results from many projects and investigate the suitability of existing communication technologies for supporting reliable aerial networking.</abstract></record><record><database name="MyLibrary">MyLibrary</database><source-app name="Zotero">Zotero</source-app><ref-type name="Journal Article">17</ref-type><contributors><authors><author>B. Ji</author><author>Y. Wang</author><author>K. Song</author><author>C. Li</author><author>H. Wen</author><author>V. G. Menon</author><author>S. Mumtaz</author></authors></contributors><titles><title>A Survey of Computational Intelligence for 6G: Key Technologies, Applications and Trends</title><secondary-title>IEEE Transactions on Industrial Informatics</secondary-title></titles><periodical><full-title>IEEE Transactions on Industrial Informatics</full-title><abbr-1>IEEE Transactions on Industrial Informatics</abbr-1></periodical><pages>7145-7154</pages><volume>17</volume><number>10</number><issue>10</issue><dates><year>2021</year><pub-dates><date>Oct. 2021</date></pub-dates></dates><isbn>1941-0050</isbn><electronic-resource-num>10.1109/TII.2021.3052531</electronic-resource-num><abstract>The ongoing deployment of 5G network involves the Internet of Things (IoT) as a new technology for the development of mobile communication, where the Internet of Everything (IoE) as the expansion of IoT has catalyzed the explosion of data and can trigger new eras. However, the fundamental and key component of the IoE depends on the computational intelligence (CI), which may be utilized in the sixth generation mobile communication system (6G). The motivation of this article presents the 6G enabled network in box (NIB) architecture as a powerful integrated solution that can support comprehensive network management and operations. The 6G enabled NIB can be used as an alternative method to meet the needs of next-generation mobile networks by dynamically reconfiguring the deployment of network functions, providing a high degree of flexibility for connection services in various situations. Especially the CI technology such as evolutionary computing, neural computing and fuzzy systems utilized as a part of NIB have inherent capabilities to handle various uncertainties, which have unique advantages in processing the variability and diversity of large amounts of data. Finally, CI technology for NIB, which is widely used is also introduced such as distributed computing, fog computing, and mobile edge computing in order to achieve different levels of sustainable computing infrastructure. This article discusses the key technologies, advantages, industrial scenario applications of CI technology as NIB, typical use cases and development trends based on IoE, which provides directional guidance for the development of CI technology as NIB for 6G.</abstract></record><record><database name="MyLibrary">MyLibrary</database><source-app name="Zotero">Zotero</source-app><ref-type name="Conference Proceedings">10</ref-type><contributors><authors><author>M. Toyoshima</author></authors></contributors><titles><title>Technological trends and future prospects of satellite communications for mega-constellations with small satellites</title><secondary-title>Advances in Communications Satellite Systems. Proceedings of the 37th International Communications Satellite Systems Conference (ICSSC-2019)</secondary-title></titles><periodical><full-title>Advances in Communications Satellite Systems. Proceedings of the 37th International Communications Satellite Systems Conference (ICSSC-2019)</full-title></periodical><pages>1-8</pages><dates><year>2019</year><pub-dates><date>29 Oct.-1 Nov. 2019</date></pub-dates></dates><electronic-resource-num>10.1049/cp.2019.1234</electronic-resource-num><abstract>Global satellite communications services provided by nongeostationary satellite systems have been planned and launched from many countries. Small satellites are smaller, lighter, and cheaper than conventional satellites and will revolutionize space systems architecture. The advantages of low Earth orbit and medium Earth orbit satellite constellations are low latency and the lower power required due to the shorter distance; however, there is a problem with frequency allocation. This chapter describes the technological trends and the future prospects of satellite communications for mega- constellations with small satellites and the frequency allocation problem.</abstract><research-notes>The following values have no corresponding Zotero field:&#xD;periodical: Advances in Communications Satellite Systems. Proceedings of the 37th International Communications Satellite Systems Conference (ICSSC-2019)&#xD;&#xD;The following values have no corresponding Zotero field:&#xD;periodical: Advances in Communications Satellite Systems. Proceedings of the 37th International Communications Satellite Systems Conference (ICSSC-2019)</research-notes><custom3>Advances in Communications Satellite Systems. Proceedings of the 37th International Communications Satellite Systems Conference (ICSSC-2019)</custom3></record><record><database name="MyLibrary">MyLibrary</database><source-app name="Zotero">Zotero</source-app><ref-type name="Journal Article">17</ref-type><contributors><authors><author>L. Cao</author><author>Y. Cai</author><author>Y. Yue</author></authors></contributors><titles><title>Swarm Intelligence-Based Performance Optimization for Mobile Wireless Sensor Networks: Survey, Challenges, and Future Directions</title><secondary-title>IEEE Access</secondary-title></titles><periodical><full-title>IEEE Access</full-title><abbr-1>IEEE Access</abbr-1></periodical><pages>161524-161553</pages><volume>7</volume><dates><year>2019</year><pub-dates><date>2019</date></pub-dates></dates><isbn>2169-3536</isbn><electronic-resource-num>10.1109/ACCESS.2019.2951370</electronic-resource-num><abstract>Network performance optimization has always been one of the important research subjects in mobile wireless sensor networks. With the expansion of the application field of MWSNs and the complexity of the working environment, traditional network performance optimization algorithms have become difficult to meet people's requirements due to their own limitations. The traditional swarm intelligence algorithms have some shortcomings in solving complex practical multi-objective optimization problems. In recent years, scholars have proposed many novel swarm intelligence optimization algorithms, which have strong applicability and achieved good experimental results in solving complex practical problems. These algorithms, like their natural systems of inspiration, show the desirable properties of being adaptive, scalable, and robust. Therefore, the swarm intelligent algorithms (PSO, ACO, ASFA, ABC, SFLA) are widely used in the performance optimization of mobile wireless sensor networks due to its cluster intelligence and biological preference characteristics. In this paper, the main contributions is to comprehensively analyze and summarize the current swarm intelligence optimization algorithm and key technologies of mobile wireless sensor networks, as well as the application of swarm intelligence algorithm in MWSNs. Then, the concept, classification and architecture of Internet of things and MWSNs are described in detail. Meanwhile, the latest research results of the swarm intelligence algorithms in performance optimization of MWSNs are systematically described. The problems and solutions in the performance optimization process of MWSNs are summarized, and the performance of the algorithms in the performance optimization of MWSNs is compared and analyzed. Finally, combined with the current research status in this field, the issues that need to be paid attention to in the research of swarm intelligence algorithm optimization for MWSNs are put forward, and the development trend and prospect of this research direction in the future are prospected.</abstract></record><record><database name="MyLibrary">MyLibrary</database><source-app name="Zotero">Zotero</source-app><ref-type name="Journal Article">17</ref-type><contributors><authors><author>D. Saraswat</author><author>A. Verma</author><author>P. Bhattacharya</author><author>S. Tanwar</author><author>G. Sharma</author><author>P. N. Bokoro</author><author>R. Sharma</author></authors></contributors><titles><title>Blockchain-Based Federated Learning in UAVs Beyond 5G Networks: A Solution Taxonomy and Future Directions</title><secondary-title>IEEE Access</secondary-title></titles><periodical><full-title>IEEE Access</full-title><abbr-1>IEEE Access</abbr-1></periodical><pages>33154-33182</pages><volume>10</volume><keywords><keyword>Security</keyword><keyword>Drones</keyword><keyword>Antennas</keyword><keyword>Computational modelling</keyword><keyword>Data privacy</keyword><keyword>blockchain</keyword><keyword>unmanned aerial vehicles</keyword><keyword>Block-chain</keyword><keyword>6g</keyword><keyword>6G</keyword><keyword>5G mobile communication systems</keyword><keyword>Surveys</keyword><keyword>Queueing networks</keyword><keyword>Ground stations</keyword><keyword>Beyond 5g network</keyword><keyword>Beyond 5G networks</keyword><keyword>federated learning</keyword><keyword>Federated learning</keyword><keyword>Health care operations</keyword><keyword>Healthcare monitoring</keyword><keyword>Mobile security</keyword><keyword>Surveillance operations</keyword><keyword>Taxonomies</keyword></keywords><dates><year>2022</year><pub-dates><date>2022</date></pub-dates></dates><isbn>21693536 (ISSN)</isbn><electronic-resource-num>10.1109/ACCESS.2022.3161132</electronic-resource-num><abstract>Recently, unmanned aerial vehicles (UAVs) have gained attention due to increased use-cases in healthcare, monitoring, surveillance, and logistics operations. UAVs mainly communicate with mobile base stations, ground stations (GS), or networked peer UAVs, known as UAV swarms. UAVs communicate with GS, or UAV swarms, over wireless channels to support mission-critical operations. Communication latency, bandwidth, and precision are of prime importance in such operations. With the rise of data-driven applications, fifth-generation (5G) networks would face bottlenecks to communicate at near-real-time, at low latency and improved coverage. Thus, researchers have shifted towards network designs that incorporate beyond 5G (B5G) networks for UAV designs. However, UAVs are resource-constrained, with limited power and battery, and thus centralized cloud-centric models are not suitable. Moreover, as exchanged data is through open channels, privacy and security issues exist. Federated learning (FL) allows data to be trained on local nodes, preserving privacy and improving network communication. However, sharing of local updates is required through a trusted consensus mechanism. Thus, blockchain (BC)-based FL schemes for UAVs allow trusted exchange of FL updates among UAV swarms and GS. To date, limited research has been carried out on the integration of BC and FL in UAV management. The proposed survey addresses the gap and presents a solution taxonomy of BC-based FL in UAVs for B5G networks due to the open problem. This paper presents a reference architecture and compares its potential benefits over traditional BC-based UAV networks. Open issues and challenges are discussed, with possible future directions. Finally, a logistics case study of BC-based FL-oriented UAVs in 6G networks is presented. The survey aims to aid researchers in developing potential UAV solutions with the key integrating principles over a diverse set of application verticals.  © 2013 IEEE.</abstract><research-notes>Export Date: 22 November 2023; Cited By: 27; Correspondence Address: P. Bhattacharya; Department of Computer Science and Engineering, Institute of Technology, Nirma University, Ahmedabad, Gujarat, 382481, India; email: pronoya.bhattacharya@nirmauni.ac.in</research-notes><language>English</language><urls><web-urls><url>https://www.scopus.com/inward/record.uri?eid=2-s2.0-85127024716&amp;doi=10.1109%2fACCESS.2022.3161132&amp;partnerID=40&amp;md5=e7e05f2711c0dadae61c099057a53f8c</url></web-urls></urls></record><record><database name="MyLibrary">MyLibrary</database><source-app name="Zotero">Zotero</source-app><ref-type name="Conference Proceedings">10</ref-type><contributors><authors><author>Singh, C. H.</author><author>Mishra, V.</author><author>Jain, K.</author></authors><secondary-authors><author>Jabeen S. D</author><author>Ali J</author><author>Castillo O</author></secondary-authors></contributors><titles><title>Review of Uncrewed Aerial Vehicle Swarm System Coordination and Communication</title><secondary-title>Springer Proceedings in Mathematics and Statistics</secondary-title><tertiary-title>Springer Proceedings in Mathematics and Statistics</tertiary-title></titles><periodical><full-title>Virtual International Conference on Soft Computing, Optimization Theory and Applications, SCOTA 2021, March 26, 2021 - March 27, 2021</full-title></periodical><pages>485-499</pages><volume>404</volume><keywords><keyword>Antennas</keyword><keyword>Unmanned aerial vehicles (UAV)</keyword><keyword>Network architecture</keyword><keyword>Ad-hoc networks</keyword><keyword>Swarm systems</keyword><keyword>Vehicle to vehicle communications</keyword><keyword>Cell proliferation</keyword><keyword>Disintegration</keyword><keyword>Flying ad hoc network</keyword><keyword>Flying ad hoc networks</keyword><keyword>Hybrid swarm</keyword><keyword>Radio communication</keyword><keyword>Swarm communication</keyword><keyword>UAV ad-hoc network</keyword><keyword>UAV swarm system</keyword><keyword>Uncrewed aerial vehicle ad-hoc network</keyword><keyword>Uncrewed aerial vehicle swarm system</keyword><keyword>Uncrewed aerial vehicles</keyword><keyword>Vehicle ad-hoc networks</keyword><keyword>Vehicular ad hoc networks</keyword></keywords><dates><year>2022</year><pub-dates><date>2022</date></pub-dates></dates><publisher>Springer Science and Business Media Deutschland GmbH</publisher><isbn>21941009 (ISSN); 978-981196405-3 (ISBN)</isbn><electronic-resource-num>10.1007/978-3-031-19309-5_32</electronic-resource-num><abstract>In this modern era, uncrewed aerial vehicles (UAVs) have effectively changed and transformed the aeronautical industry in an effective way. A specific technique created to increase this disintegration is the UAV swarm system. The UAV swarm has the ability to deliver missions effectively and self-coordinate the operations of multiple UAVs with no remote operator intervening. This paper comprehensively surveys the literature about various UAV swarm functioning. It proposes a swarm architecture considering the high parameters that allow wireless radio communication infrastructure for a high degree of swarm system reliability and autonomy. This review paper chronicle did preliminary test development to carry out this proposed swarm wireless radio communication system architecture. UAV’s gradual integrated development of UAV swarms with UAV communications Autonomous self-coordination and organizing capability are central to advancing the utility of UAV swarm systems. Several limiting factors hamper the usability of UAVs and reduce performance, including communication, various networking challenges, size-load, and proper power considerations. In addition, the wireless radio system takes advantage of a highly reliable and robust infrastructure for wireless radio communications with secure one machine to another machine. © 2023, The Author(s), under exclusive license to Springer Nature Switzerland AG.</abstract><research-notes>Compilation and indexing terms, Copyright 2023 Elsevier Inc.&#xD;&#xD;Export Date: 22 November 2023; Cited By: 0; Correspondence Address: V. Mishra; Department of Civil Engineering, Indian Institute of Technology, Roorkee, India; email: vmishra1@ce.iitr.ac.in; Conference name: Virtual International Conference on Soft Computing, Optimization Theory and Applications, SCOTA 2021; Conference date: 26 March 2021 through 27 March 2021; Conference code: 291969&#xD;&#xD;Export Date: 22 November 2023; Cited By: 0; Correspondence Address: V. Mishra; Department of Civil Engineering, Indian Institute of Technology, Roorkee, India; email: vmishra1@ce.iitr.ac.in; Conference name: 2nd International Conference on Unmanned Aerial System in Geomatics, UASG 2021; Conference date: 2 April 2021 through 4 April 2021; Conference code: 292039&#xD;&#xD;The following values have no corresponding Zotero field:&#xD;periodical: Lect. Notes Civ. Eng.&#xD;&#xD;The following values have no corresponding Zotero field:&#xD;periodical: Springer Proc. Math. Stat.&#xD;&#xD;The following values have no corresponding Zotero field:&#xD;periodical: Virtual International Conference on Soft Computing, Optimization Theory and Applications, SCOTA 2021, March 26, 2021 - March 27, 2021&#xD;&#xD;The following values have no corresponding Zotero field:&#xD;periodical: Virtual International Conference on Soft Computing, Optimization Theory and Applications, SCOTA 2021, March 26, 2021 - March 27, 2021</research-notes><language>English</language><urls><web-urls><url>https://www.scopus.com/inward/record.uri?eid=2-s2.0-85151052607&amp;doi=10.1007%2f978-3-031-19309-5_32&amp;partnerID=40&amp;md5=a4c739533962db3cf7d60b6b1f95db27</url></web-urls><text-urls><url>http://dx.doi.org/10.1007/978-3-031-19309-5_32</url></text-urls></urls><custom1>Virtual, Online</custom1><custom3>Virtual International Conference on Soft Computing, Optimization Theory and Applications, SCOTA 2021, March 26, 2021 - March 27, 2021</custom3></record><record><database name="MyLibrary">MyLibrary</database><source-app name="Zotero">Zotero</source-app><ref-type name="Conference Proceedings">10</ref-type><contributors><authors><author>Skobelev, P. O.</author><author>Simonova, E. V.</author><author>Zhilyaev, A. A.</author><author>Travin, V. S.</author></authors><secondary-authors><author>Askhat D</author><author>Ivan Z</author><author>Andrew K</author><author>Eugeny N</author></secondary-authors></contributors><titles><title>Application of Multi-agent Technology in the Scheduling System of Swarm of Earth Remote Sensing Satellites</title><secondary-title>12th International Symposium on Intelligent Systems (INTELS)</secondary-title><tertiary-title>Procedia Computer Science</tertiary-title></titles><periodical><full-title>12th International Symposium Intelligent Systems, INTELS 2016, October 5, 2016 - October 7, 2016</full-title></periodical><pages>396-402</pages><volume>103</volume><keywords><keyword>remote sensing</keyword><keyword>Intelligent systems</keyword><keyword>Multi agent systems</keyword><keyword>Remote sensing</keyword><keyword>Digital storage</keyword><keyword>Scheduling</keyword><keyword>Multiobjective optimization</keyword><keyword>Ground stations</keyword><keyword>Intelligent agents</keyword><keyword>Communication satellites</keyword><keyword>Satellites</keyword><keyword>Multi-agent technologies</keyword><keyword>Planning and scheduling</keyword><keyword>multiobjective optimization</keyword><keyword>adaptability</keyword><keyword>ground station</keyword><keyword>multi-agent technology</keyword><keyword>multisatellite</keyword><keyword>planning and scheduling</keyword><keyword>swarm of satellites</keyword></keywords><dates><year>2017</year><pub-dates><date>2017</date></pub-dates></dates><publisher>Elsevier Science Bv</publisher><isbn>18770509 (ISSN)</isbn><electronic-resource-num>10.1016/j.procs.2017.01.127</electronic-resource-num><abstract>The paper studies the problem of scheduling a group of Earth remote sensing satellites. The following idea is proved: development of Earth remote sensing systems needs changing of approach to planning of their application. Problem statement is described. As criteria of efficiency, information delivery time, resolution and cost of request execution are used. The schedule has to comply with the following constraints: visibility between satellites, observation areas and data receiving points, storage capacity of the memory unit as well as coordination of operations on shooting, storing, transmitting and receiving data. Review of ways of problem solution is provided. Implementation of the approach has been suggested, where the sought schedule is built as dynamic balancing of interests of satellites, data receiving points and observation area agents. Multi-agent planning system is developed. Architecture of the system is described as well as functions of the modules it includes. Dynamically occurring events are taken into account when planning, including introduction of a new task or change of task options, failure of a satellite or means of communication. The experimental assessment of time spent on recovery of the damaged schedule is given. In conclusion benefits of the multi-agent approach at management of swarm of Earth remote sensing satellites are provided. (C) 2017 The Authors. Published by Elsevier B.V.</abstract><research-notes>Compilation and indexing terms, Copyright 2023 Elsevier Inc.&#xD;&#xD;Export Date: 22 November 2023; Cited By: 41; Correspondence Address: A.A. Zhilyaev; Department of Aircraft Designing, Samara University, Samara, 34, Moskovskoye Shosse, 443086, Russian Federation; email: zhilyaev@smartsolutions-123.ru; Conference name: 12th International Symposium Intelligent Systems, INTELS 2016; Conference date: 5 October 2016 through 7 October 2016; Conference code: 134538&#xD;&#xD;The following values have no corresponding Zotero field:&#xD;periodical: 12th International Symposium Intelligent Systems, INTELS 2016, October 5, 2016 - October 7, 2016&#xD;&#xD;The following values have no corresponding Zotero field:&#xD;periodical: Procedia Comput. Sci.&#xD;&#xD;The following values have no corresponding Zotero field:&#xD;periodical: XII INTERNATIONAL SYMPOSIUM INTELLIGENT SYSTEMS 2016, (INTELS 2016)&#xD;&#xD;The following values have no corresponding Zotero field:&#xD;periodical: 12th International Symposium Intelligent Systems, INTELS 2016, October 5, 2016 - October 7, 2016</research-notes><language>English</language><urls><web-urls><url>https://www.scopus.com/inward/record.uri?eid=2-s2.0-85016078988&amp;doi=10.1016%2fj.procs.2017.01.127&amp;partnerID=40&amp;md5=6dd289255cd90eab75d68eb1e7648bdd</url></web-urls><text-urls><url>http://dx.doi.org/10.1016/j.procs.2017.01.127</url></text-urls></urls><custom1>Moscow, Russia</custom1><custom3>12th International Symposium Intelligent Systems, INTELS 2016, October 5, 2016 - October 7, 2016</custom3></record><record><database name="MyLibrary">MyLibrary</database><source-app name="Zotero">Zotero</source-app><ref-type name="Journal Article">17</ref-type><contributors><authors><author>Araguz, C.</author><author>Bou-Balust, E.</author><author>Alarcón, E.</author></authors></contributors><titles><title>Applying autonomy to distributed satellite systems: Trends, challenges, and future prospects</title><secondary-title>Systems Engineering</secondary-title></titles><periodical><full-title>Systems Engineering</full-title><abbr-1>Syst. Eng.</abbr-1></periodical><pages>401-416</pages><volume>21</volume><number>5</number><issue>5</issue><keywords><keyword>Mission planning</keyword><keyword>Autonomy</keyword><keyword>Scheduling</keyword><keyword>autonomy</keyword><keyword>Economic and social effects</keyword><keyword>Orbits</keyword><keyword>Distributed architecture</keyword><keyword>Communication satellites</keyword><keyword>Satellites</keyword><keyword>Heterogeneous networks</keyword><keyword>Space flight</keyword><keyword>Distributed satellite system</keyword><keyword>Collaboration mechanisms</keyword><keyword>distributed satellite systems</keyword><keyword>Integral characteristics</keyword><keyword>Knowledge classification</keyword><keyword>mission planning and scheduling</keyword><keyword>Optimization techniques</keyword></keywords><dates><year>2018</year><pub-dates><date>2018</date></pub-dates></dates><isbn>10981241 (ISSN)</isbn><electronic-resource-num>10.1002/sys.21428</electronic-resource-num><abstract>While monolithic satellite missions still pose significant advantages in terms of accuracy and operations, novel distributed architectures are promising improved flexibility, responsiveness, and adaptability to structural and functional changes. Large satellite swarms, opportunistic satellite networks or heterogeneous constellations hybridizing small-spacecraft nodes with high-performance satellites are becoming feasible and advantageous alternatives requiring the adoption of new operation paradigms that enhance their autonomy. While autonomy is a notion that is gaining acceptance in monolithic satellite missions, it can also be deemed an integral characteristic in Distributed Satellite Systems (DSS). In this context, this paper focuses on the motivations for system-level autonomy in DSS and justifies its need as an enabler of system qualities. Autonomy is also presented as a necessary feature to bring new distributed Earth observation functions (which require coordination and collaboration mechanisms) and to allow for novel structural functions (e.g., opportunistic coalitions, exchange of resources, or in-orbit data services). Mission Planning and Scheduling (MPS) frameworks are then presented as a key component to implement autonomous operations in satellite missions. An exhaustive knowledge classification explores the design aspects of MPS for DSS, and conceptually groups them into: components and organizational paradigms; problem modeling and representation; optimization techniques and metaheuristics; execution and runtime characteristics and the notions of tasks, resources, and constraints. This paper concludes by proposing future strands of work devoted to study the trade-offs of autonomy in large-scale, highly dynamic and heterogeneous networks through frameworks that consider some of the limitations of small spacecraft technologies. © 2018 Wiley Periodicals, Inc.</abstract><research-notes>Export Date: 22 November 2023; Cited By: 42; Correspondence Address: C. Araguz; Nano-Satellite and Payload Laboratory, Technical University of Catalonia – UPC BarcelonaTech, Barcelona, Spain; email: carles.araguz@upc.edu</research-notes><language>English</language><urls><web-urls><url>https://www.scopus.com/inward/record.uri?eid=2-s2.0-85044407815&amp;doi=10.1002%2fsys.21428&amp;partnerID=40&amp;md5=e9f5ff94fe7750f1cad0095c489cf1f4</url></web-urls></urls></record><record><database name="MyLibrary">MyLibrary</database><source-app name="Zotero">Zotero</source-app><ref-type name="Journal Article">17</ref-type><contributors><authors><author>Chen, X.</author><author>Tang, J.</author><author>Lao, S.</author></authors></contributors><titles><title>Review of unmanned aerial vehicle swarm communication architectures and routing protocols</title><secondary-title>Applied Sciences (Switzerland)</secondary-title></titles><periodical><full-title>Applied Sciences (Switzerland)</full-title><abbr-1>Appl. Sci.</abbr-1></periodical><volume>10</volume><number>10</number><issue>10</issue><keywords><keyword>Unmanned aerial vehicle</keyword><keyword>UAV swarm</keyword><keyword>Communication architecture</keyword><keyword>Ad hoc network</keyword><keyword>Routing protocol</keyword><keyword>Systematic review</keyword></keywords><dates><year>2020</year><pub-dates><date>2020</date></pub-dates></dates><isbn>20763417 (ISSN)</isbn><electronic-resource-num>10.3390/app10103661</electronic-resource-num><abstract>Over the past decades, Unmanned Air Vehicles (UAVs) have achieved outstanding performance in military, commercial and civilian applications. UAVs are increasingly appearing in the form of swarms or formations to meet higher mission requirements. Communication plays an important role in UAV swarm control and coordination. The communication architecture defines how information is exchanged between UAVs or between UAVs and the central control center. Routing protocols help provide reliable end-to-end data transmission. Therefore, it is particularly important to design UAV swarm communication architectures and routing protocols with high performance and stability. This review article details four communication architectures including the advantages and disadvantages. Applicable scenarios are also discussed. In addition, a systematic overview and feasibility research of routing protocols are presented in this paper. To spur further research, the open research issues of UAV swarm communication architectures and routing protocols are also investigated. © 2020 by the authors. Licensee MDPI, Basel, Switzerland.</abstract><research-notes>Export Date: 22 November 2023; Cited By: 79; Correspondence Address: J. Tang; College of Systems Engineering, National University of Defense Technology, Changsha, 410073, China; email: tangjun06@nudt.edu.cn</research-notes><language>English</language><urls><web-urls><url>https://www.scopus.com/inward/record.uri?eid=2-s2.0-85085607614&amp;doi=10.3390%2fapp10103661&amp;partnerID=40&amp;md5=37f027b604b03db69b736826aae3221d</url></web-urls></urls></record><record><database name="MyLibrary">MyLibrary</database><source-app name="Zotero">Zotero</source-app><ref-type name="Journal Article">17</ref-type><contributors><authors><author>Bamberger Jr., R. J.</author><author>Watson, D. P.</author><author>Scheidt, D. H.</author><author>Moore, K. L.</author></authors></contributors><titles><title>Flight demonstrations of unmanned aerial vehicle swarming concepts</title><secondary-title>Johns Hopkins APL Technical Digest (Applied Physics Laboratory)</secondary-title></titles><periodical><full-title>Johns Hopkins APL Technical Digest (Applied Physics Laboratory)</full-title><abbr-1>Johns Hopkins APL Tech Dig</abbr-1></periodical><pages>41-55</pages><volume>27</volume><number>1</number><issue>1</issue><keywords><keyword>Project management</keyword><keyword>Unmanned aerial vehicles (UAV)</keyword><keyword>Flight dynamics</keyword><keyword>Computer hardware</keyword><keyword>Teaming</keyword><keyword>Autonomy frameworks</keyword><keyword>Consensus variables</keyword></keywords><dates><year>2006</year><pub-dates><date>2006</date></pub-dates></dates><isbn>02705214 (ISSN)</isbn><abstract>APL has been engaged in a number of independent research and development projects over the past 5 years intended to demonstrate the cooperative behaviors of swarms of small, autonomous unmanned aerial vehicles (UAVs). Swarm members cooperate to accomplish complex mission goals with no human in the loop. These projects represent a variety of approaches to UAV swarming, including teaming, consensus variables, and stigmergic potential fields. A series of experiments was conducted from 2001 through 2005 to demonstrate these concepts, and research in this area is ongoing. As a result of these efforts, APL has developed autonomy frameworks, hardware architectures, and communications concepts that are applicable across a broad range of small, autonomous aerial vehicles.</abstract><research-notes>Export Date: 22 November 2023; Cited By: 43; CODEN: JHADD</research-notes><language>English</language><urls><web-urls><url>https://www.scopus.com/inward/record.uri?eid=2-s2.0-33947273217&amp;partnerID=40&amp;md5=1ea97fafc67f4ffaf13f682357c451ea</url></web-urls></urls></record><record><database name="MyLibrary">MyLibrary</database><source-app name="Zotero">Zotero</source-app><ref-type name="Journal Article">17</ref-type><contributors><authors><author>Wang, Xiangke</author><author>Liu, Zhihong</author><author>Cong, Yirui</author><author>Li, Jie</author><author>Chen, Hao</author></authors></contributors><titles><title>Miniature fixed-wing UAV swarms: Review and outlook</title><secondary-title>Hangkong Xuebao/Acta Aeronautica et Astronautica Sinica</secondary-title></titles><periodical><full-title>Hangkong Xuebao/Acta Aeronautica et Astronautica Sinica</full-title><abbr-1>Hangkong Xuebao/Acta Aeronautica et Astronautica Sinica</abbr-1></periodical><volume>41</volume><number>4</number><issue>4</issue><keywords><keyword>Computer architecture</keyword><keyword>Decision making</keyword><keyword>Unmanned aerial vehicles (UAV)</keyword><keyword>Fixed wings</keyword><keyword>Application programs</keyword><keyword>Command and control systems</keyword></keywords><dates><year>2020</year><pub-dates><date>2020</date></pub-dates></dates><isbn>10006893</isbn><electronic-resource-num>10.7527/S1000-6893.2019.23732</electronic-resource-num><abstract>Focusing on the new direction of miniature fixed-wing UAV swarms, this paper summarizes their recent developments from three aspects, i.e, the connotation of the swarm system, the existing typical programs, and the key technologies. After a systematic introduction of the connotation and application advantages of the swarm system, the existing typical programs are summarized from four perspectives: swarm collaborative mode exploration, distributed command system construction, key technology breakthroughs, and swarm verification. The current developments of technical research are reviewed in seven key points, including system architecture, communication and networking, decision-making and planning, aircraft platform, swarm flight, swarm security and swarm command and control. Finally, the future developments in the field of miniature fixed-wing UAV swarms are forecasted.  2020, Press of Chinese Journal of Aeronautics. All right reserved.</abstract><research-notes>Compilation and indexing terms, Copyright 2023 Elsevier Inc.</research-notes><urls><text-urls><url>http://dx.doi.org/10.7527/S1000-6893.2019.23732</url></text-urls></urls></record><record><database name="MyLibrary">MyLibrary</database><source-app name="Zotero">Zotero</source-app><ref-type name="Journal Article">17</ref-type><contributors><authors><author>Zhang, Yi</author><author>Yao, Dan-Ya</author><author>Li, Li</author><author>Pei, Hua-Xin</author><author>Yan, Song</author><author>Ge, Jing-Wei</author></authors></contributors><titles><title>Technologies and Applications for Intelligent Vehicle-infrastructure Cooperation Systems</title><secondary-title>Jiaotong Yunshu Xitong Gongcheng Yu Xinxi/Journal of Transportation Systems Engineering and Information Technology</secondary-title></titles><periodical><full-title>Jiaotong Yunshu Xitong Gongcheng Yu Xinxi/Journal of Transportation Systems Engineering and Information Technology</full-title><abbr-1>Jiaotong Yunshu Xitong Gongcheng Yu Xinxi/Journal of Transportation Systems Engineering and Information Technology</abbr-1></periodical><pages>40-51</pages><volume>21</volume><number>5</number><issue>5</issue><keywords><keyword>Decision making</keyword><keyword>Intelligent systems</keyword><keyword>Intelligent vehicle highway systems</keyword><keyword>Energy utilization</keyword><keyword>Energy efficiency</keyword><keyword>Motor transportation</keyword><keyword>Highway administration</keyword><keyword>Integration testing</keyword><keyword>Highway planning</keyword><keyword>Roads and streets</keyword><keyword>Systems engineering</keyword><keyword>Security of data</keyword><keyword>Road vehicles</keyword></keywords><dates><year>2021</year><pub-dates><date>2021</date></pub-dates></dates><isbn>10096744</isbn><electronic-resource-num>10.16097/j.cnki.1009-6744.2021.05.005</electronic-resource-num><abstract>Intelligent Vehicle-Infrastructure Collaboration Systems (i-VICS) represent the cutting-edge technology and an inevitable trend in the intelligent transportation systems (ITS) globally. It is critically developed to improve travel efficiency, optimize energy consumption, and reduce vehicle emissions, and will fundamentally change the management mode of traditional road transportation. Firstly, i-VICS is introduced in the paper as the common platform for future road traffic systems. Based on it, the change of service domains for the user services in the national architecture of ITS is discussed. The latest related technologies are then investigated for the implementation of i-VICS, including technologies for multimode wireless communication, intelligent networking, information security, and system integration, and also for the application of i- VICS, including technologies to support the collaborative perception, swarm coordinated decision-making and control, simulation-testing validation, and connected automated driving. With the consideration of the long- term development of i- VICS, the contents of implementation, degree for information sharing and synergistic functions that could be realized in different stages are presented. Furthermore, concerning the challenge from its implementation and application, the paper points out that to obtain deep understanding, to grasp the essence, promote the experience and moderate scale of application for i-VICS can effectively address the development of modern intelligent transportation system. In short, the fundamental theoretical research, key technology development and practical system application of i- VICS will play an important role in ITS and related disciplines, like systems engineering for transportation and science for systems. Copyright  2021 by Science Press.</abstract><research-notes>Compilation and indexing terms, Copyright 2023 Elsevier Inc.</research-notes><urls><text-urls><url>http://dx.doi.org/10.16097/j.cnki.1009-6744.2021.05.005</url></text-urls></urls></record><record><database name="MyLibrary">MyLibrary</database><source-app name="Zotero">Zotero</source-app><ref-type name="Conference Proceedings">10</ref-type><contributors><authors><author>Lin, Chao-Wei</author><author>Liu, Yen-Chen</author></authors></contributors><titles><title>Task-Oriented Teleoperation Systems for Groups of Mobile Robots with Time-Varying Communication Delays</title><secondary-title>IEEE Conference on Control and Applications (CCA)</secondary-title></titles><periodical><full-title>2015 IEEE CONFERENCE ON CONTROL AND APPLICATIONS (CCA 2015)</full-title></periodical><pages>501-506</pages><keywords><keyword>ARCHITECTURE</keyword><keyword>SWARM</keyword><keyword>BILATERAL TELEOPERATION</keyword><keyword>COORDINATION CONTROL</keyword></keywords><dates><year>2015</year><pub-dates><date>2015</date></pub-dates></dates><publisher>IEEE</publisher><isbn>978-1-4799-7787-1</isbn><abstract>This paper presents system framework and control algorithm for a human operator to remotely teleoperate a group of mobile robots over a network with time-varying delays. By utilizing the task-space technique adopted from control of redundant robotic manipulator, a human operator is able to command the task abstraction of a multi-robot system under the proposed architecture. Given the control gains, which are contingent on the upper bound of the round-trip delays, stability and tracking performance in the task space can be guaranteed. Moreover, the sub-task control in the null space of the multi-robot system can be utilized for mobile robots to achieve additional missions other than tracking the task functions. Experiments on a robotic manipulator and a group of differential-driven mobile robots are introduced to validate the proposed bilateral teleoperation system.</abstract><research-notes>The following values have no corresponding Zotero field:&#xD;periodical: 2015 IEEE CONFERENCE ON CONTROL AND APPLICATIONS (CCA 2015)&#xD;&#xD;The following values have no corresponding Zotero field:&#xD;periodical: 2015 IEEE CONFERENCE ON CONTROL AND APPLICATIONS (CCA 2015)</research-notes><language>English</language><custom1>New York</custom1><custom3>2015 IEEE CONFERENCE ON CONTROL AND APPLICATIONS (CCA 2015)</custom3></record><record><database name="MyLibrary">MyLibrary</database><source-app name="Zotero">Zotero</source-app><ref-type name="Conference Proceedings">10</ref-type><contributors><authors><author>Zhao, Dequn</author><author>Wu, Liqi</author><author>Sun, Guangmin</author><author>Zhu, Haitao</author><author>Cheng, Sheng</author><author>Qu, Xinyu</author></authors></contributors><titles><title>Design and Research of Support System for Multiple Simulation UAVs</title></titles><periodical><full-title>Proceedings of the 2020 3rd International Conference on Algorithms, Computing and Artificial Intelligence</full-title></periodical><pages>Article 40</pages><keywords><keyword>wireless ad hoc network, testbed, UAV cluster</keyword></keywords><dates><year>2021</year><pub-dates><date>2021</date></pub-dates></dates><publisher>Association for Computing Machinery</publisher><isbn>978-1-4503-8811-5</isbn><research-notes>The following values have no corresponding Zotero field:&#xD;periodical: Proceedings of the 2020 3rd International Conference on Algorithms, Computing and Artificial Intelligence&#xD;&#xD;The following values have no corresponding Zotero field:&#xD;periodical: Proceedings of the 2020 3rd International Conference on Algorithms, Computing and Artificial Intelligence</research-notes><urls><web-urls><url>https://doi.org/10.1145/3446132.3446172</url></web-urls></urls><custom1>Sanya, China</custom1><custom3>Proceedings of the 2020 3rd International Conference on Algorithms, Computing and Artificial Intelligence</custom3></record><record><database name="MyLibrary">MyLibrary</database><source-app name="Zotero">Zotero</source-app><ref-type name="Conference Proceedings">10</ref-type><contributors><authors><author>Xu, Ximeng</author><author>Xu, Jihui</author><author>Tian, Wenjie</author><author>Chen, Lu</author></authors></contributors><titles><title>Review on Research and Development of Unmanned Aerial Vehicle Swarm Cooperative Operation</title></titles><periodical><full-title>2022 the 5th International Conference on Robot Systems and Applications (ICRSA)</full-title></periodical><pages>54–58</pages><keywords><keyword>Cooperative operation, Unmanned aerial vehicle (UAV), Research status, Swarm, Key technology</keyword></keywords><dates><year>2022</year><pub-dates><date>2022</date></pub-dates></dates><publisher>Association for Computing Machinery</publisher><isbn>978-1-4503-9648-6</isbn><research-notes>The following values have no corresponding Zotero field:&#xD;periodical: 2022 the 5th International Conference on Robot Systems and Applications (ICRSA)&#xD;&#xD;The following values have no corresponding Zotero field:&#xD;periodical: 2022 the 5th International Conference on Robot Systems and Applications (ICRSA)</research-notes><urls><web-urls><url>https://doi.org/10.1145/3556267.3556279</url></web-urls></urls><custom1>Shenzhen, China</custom1><custom3>2022 the 5th International Conference on Robot Systems and Applications (ICRSA)</custom3></record><record><database name="MyLibrary">MyLibrary</database><source-app name="Zotero">Zotero</source-app><ref-type name="Conference Proceedings">10</ref-type><contributors><authors><author>Rakotonarivo, Balita Heriniaina</author><author>Drougard, Nicolas</author><author>Conversy, Stéphane</author><author>Garcia, Jérémie</author></authors></contributors><titles><title>Revue Systématique de la Littérature sur le Soutien à la Sécurité des Opérations de Drones: Systematic Literature Review of Safety Support for Drones Operations</title></titles><periodical><full-title>Proceedings of the 32nd Conference on l'Interaction Homme-Machine</full-title></periodical><pages>Article 13</pages><keywords><keyword>UTM, mission, U-space, authorization, risk assessment, UAS, Human-machine interaction</keyword></keywords><dates><year>2022</year><pub-dates><date>2022</date></pub-dates></dates><publisher>Association for Computing Machinery</publisher><isbn>978-1-4503-8362-2</isbn><research-notes>The following values have no corresponding Zotero field:&#xD;periodical: Proceedings of the 32nd Conference on l'Interaction Homme-Machine&#xD;&#xD;The following values have no corresponding Zotero field:&#xD;periodical: Proceedings of the 32nd Conference on l'Interaction Homme-Machine</research-notes><urls><web-urls><url>https://doi.org/10.1145/3450522.3451328</url></web-urls></urls><custom1>Virtual Event, France</custom1><custom3>Proceedings of the 32nd Conference on l'Interaction Homme-Machine</custom3></record><record><database name="MyLibrary">MyLibrary</database><source-app name="Zotero">Zotero</source-app><ref-type name="Conference Proceedings">10</ref-type><contributors><authors><author>Hibti, Meryem</author><author>Baïna, Karim</author><author>Benatallah, Boualem</author></authors></contributors><titles><title>Towards Swarm Intelligence Architectural Patterns: an IoT-Big Data-AI-Blockchain convergence perspective</title></titles><periodical><full-title>Proceedings of the 4th International Conference on Big Data and Internet of Things</full-title></periodical><pages>Article 24</pages><keywords><keyword>Big Data analytics, decision making, swarm intelligence, AI, patterns, IoT</keyword></keywords><dates><year>2020</year><pub-dates><date>2020</date></pub-dates></dates><publisher>Association for Computing Machinery</publisher><isbn>978-1-4503-7240-4</isbn><research-notes>The following values have no corresponding Zotero field:&#xD;periodical: Proceedings of the 4th International Conference on Big Data and Internet of Things&#xD;&#xD;The following values have no corresponding Zotero field:&#xD;periodical: Proceedings of the 4th International Conference on Big Data and Internet of Things</research-notes><urls><web-urls><url>https://doi.org/10.1145/3372938.3372962</url></web-urls></urls><custom1>Rabat, Morocco</custom1><custom3>Proceedings of the 4th International Conference on Big Data and Internet of Things</custom3></record><record><database name="MyLibrary">MyLibrary</database><source-app name="Zotero">Zotero</source-app><ref-type name="Conference Proceedings">10</ref-type><contributors><authors><author>Jourdan, Paul</author><author>Lozenguez, Guillaume</author><author>Fabresse, Luc</author><author>Bouraqadi, Noury</author></authors></contributors><titles><title>Towards a distributed planning of decision making under uncertainty for a fleet of robots</title></titles><periodical><full-title>Proceedings of the 35th Annual ACM Symposium on Applied Computing</full-title></periodical><pages>800–807</pages><keywords><keyword>coordination, agent-based modeling, mobile robotics, markov decision process</keyword></keywords><dates><year>2020</year><pub-dates><date>2020</date></pub-dates></dates><publisher>Association for Computing Machinery</publisher><isbn>978-1-4503-6866-7</isbn><research-notes>The following values have no corresponding Zotero field:&#xD;periodical: Proceedings of the 35th Annual ACM Symposium on Applied Computing&#xD;&#xD;The following values have no corresponding Zotero field:&#xD;periodical: Proceedings of the 35th Annual ACM Symposium on Applied Computing</research-notes><urls><web-urls><url>https://doi.org/10.1145/3341105.3373983</url></web-urls></urls><custom1>Brno, Czech Republic</custom1><custom3>Proceedings of the 35th Annual ACM Symposium on Applied Computing</custom3></record><record><database name="MyLibrary">MyLibrary</database><source-app name="Zotero">Zotero</source-app><ref-type name="Journal Article">17</ref-type><contributors><authors><author>Zimmerling, Marco</author><author>Mottola, Luca</author><author>Santini, Silvia</author></authors></contributors><titles><title>Synchronous Transmissions in Low-Power Wireless: A Survey of Communication Protocols and Network Services</title><secondary-title>ACM Comput. Surv.</secondary-title></titles><periodical><full-title>ACM Comput. Surv.</full-title></periodical><pages>Article 121</pages><volume>53</volume><number>6</number><issue>6</issue><keywords><keyword>synchronous transmissions, Low-power wireless networks, constructive interference, capture effect, multi-hop communication, simplicity, message-in-message effect, sender diversity</keyword></keywords><dates><year>2020</year><pub-dates><date>2020</date></pub-dates></dates><urls><web-urls><url>https://doi.org/10.1145/3410159</url></web-urls></urls></record><record><database name="MyLibrary">MyLibrary</database><source-app name="Zotero">Zotero</source-app><ref-type name="Journal Article">17</ref-type><contributors><authors><author>Lucia, Brandon</author><author>Denby, Brad</author><author>Manchester, Zachary</author><author>Desai, Harsh</author><author>Ruppel, Emily</author><author>Colin, Alexei</author></authors></contributors><titles><title>Computational Nanosatellite Constellations: Opportunities and Challenges</title><secondary-title>GetMobile: Mobile Comp. and Comm.</secondary-title></titles><periodical><full-title>GetMobile: Mobile Comp. and Comm.</full-title></periodical><pages>16–23</pages><volume>25</volume><number>1</number><issue>1</issue><dates><year>2021</year><pub-dates><date>2021</date></pub-dates></dates><urls><web-urls><url>https://doi.org/10.1145/3471440.3471446</url></web-urls></urls></record><record><database name="MyLibrary">MyLibrary</database><source-app name="Zotero">Zotero</source-app><ref-type name="Conference Proceedings">10</ref-type><contributors><authors><author>Mottola, Luca</author><author>Whitehouse, Kamin</author><author>Ghezzi, Carlo</author></authors></contributors><titles><title>Towards spatial macroprogramming for sensing and actuating robot swarms</title></titles><periodical><full-title>Proceedings of the 11th ACM Conference on Embedded Networked Sensor Systems</full-title></periodical><pages>Article 37</pages><keywords><keyword>actuation, sensing, robot swarms, macroprogramming</keyword></keywords><dates><year>2013</year><pub-dates><date>2013</date></pub-dates></dates><publisher>Association for Computing Machinery</publisher><isbn>978-1-4503-2027-6</isbn><research-notes>The following values have no corresponding Zotero field:&#xD;periodical: Proceedings of the 11th ACM Conference on Embedded Networked Sensor Systems&#xD;&#xD;The following values have no corresponding Zotero field:&#xD;periodical: Proceedings of the 11th ACM Conference on Embedded Networked Sensor Systems</research-notes><urls><web-urls><url>https://doi.org/10.1145/2517351.2517407</url></web-urls></urls><custom1>Roma, Italy</custom1><custom3>Proceedings of the 11th ACM Conference on Embedded Networked Sensor Systems</custom3></record><record><database name="MyLibrary">MyLibrary</database><source-app name="Zotero">Zotero</source-app><ref-type name="Conference Proceedings">10</ref-type><contributors><authors><author>Taghipour, Atour</author><author>Lu, Xiaowen</author><author>Derradji, Meriem</author><author>Sow, Amadou Diude</author></authors></contributors><titles><title>The impact of digitalization on supply chain management: a literature review</title></titles><periodical><full-title>Proceedings of the 12th International Conference on Information Communication and Management</full-title></periodical><pages>75–78</pages><keywords><keyword>multi agents, Digital twin Procurement, Smart Contracts, Big Data, Blockchain, procurement 4, Robotics, IIOT in manufacturing, Artificial intelligence, neural network, industry 4</keyword></keywords><dates><year>2022</year><pub-dates><date>2022</date></pub-dates></dates><publisher>Association for Computing Machinery</publisher><isbn>978-1-4503-9649-3</isbn><research-notes>The following values have no corresponding Zotero field:&#xD;periodical: Proceedings of the 12th International Conference on Information Communication and Management&#xD;&#xD;The following values have no corresponding Zotero field:&#xD;periodical: Proceedings of the 12th International Conference on Information Communication and Management</research-notes><urls><web-urls><url>https://doi.org/10.1145/3551690.3551702</url></web-urls></urls><custom1>London, United Kingdom</custom1><custom3>Proceedings of the 12th International Conference on Information Communication and Management</custom3></record><record><database name="MyLibrary">MyLibrary</database><source-app name="Zotero">Zotero</source-app><ref-type name="Conference Proceedings">10</ref-type><contributors><authors><author>Koutsoubelias, Manos</author><author>Lalis, Spyros</author></authors></contributors><titles><title>TeCoLa: A Programming Framework for Dynamic and Heterogeneous Robotic Teams</title></titles><periodical><full-title>Proceedings of the 13th International Conference on Mobile and Ubiquitous Systems: Computing, Networking and Services</full-title></periodical><pages>115–124</pages><keywords><keyword>pervasive computing, resource dynamics and heterogeneity, team programming, Mobile robots, high-level coordination</keyword></keywords><dates><year>2016</year><pub-dates><date>2016</date></pub-dates></dates><publisher>Association for Computing Machinery</publisher><isbn>978-1-4503-4750-1</isbn><research-notes>The following values have no corresponding Zotero field:&#xD;periodical: Proceedings of the 13th International Conference on Mobile and Ubiquitous Systems: Computing, Networking and Services&#xD;&#xD;The following values have no corresponding Zotero field:&#xD;periodical: Proceedings of the 13th International Conference on Mobile and Ubiquitous Systems: Computing, Networking and Services</research-notes><urls><web-urls><url>https://doi.org/10.1145/2994374.2994397</url></web-urls></urls><custom1>Hiroshima, Japan</custom1><custom3>Proceedings of the 13th International Conference on Mobile and Ubiquitous Systems: Computing, Networking and Services</custom3></record><record><database name="MyLibrary">MyLibrary</database><source-app name="Zotero">Zotero</source-app><ref-type name="Conference Proceedings">10</ref-type><contributors><authors><author>Heinzemann, Christian</author><author>Priesterjahn, Claudia</author><author>Becker, Steffen</author></authors></contributors><titles><title>Towards modeling reconfiguration in hierarchical component architectures</title></titles><periodical><full-title>Proceedings of the 15th ACM SIGSOFT symposium on Component Based Software Engineering</full-title></periodical><pages>23–28</pages><keywords><keyword>component model, modeling, runtime reconfiguration, self-adaptive systems</keyword></keywords><dates><year>2012</year><pub-dates><date>2012</date></pub-dates></dates><publisher>Association for Computing Machinery</publisher><isbn>978-1-4503-1345-2</isbn><research-notes>The following values have no corresponding Zotero field:&#xD;periodical: Proceedings of the 15th ACM SIGSOFT symposium on Component Based Software Engineering&#xD;&#xD;The following values have no corresponding Zotero field:&#xD;periodical: Proceedings of the 15th ACM SIGSOFT symposium on Component Based Software Engineering</research-notes><urls><web-urls><url>https://doi.org/10.1145/2304736.2304742</url></web-urls></urls><custom1>Bertinoro, Italy</custom1><custom3>Proceedings of the 15th ACM SIGSOFT symposium on Component Based Software Engineering</custom3></record><record><database name="MyLibrary">MyLibrary</database><source-app name="Zotero">Zotero</source-app><ref-type name="Conference Proceedings">10</ref-type><contributors><authors><author>Swanborn, Stan</author><author>Malavolta, Ivano</author></authors></contributors><titles><title>Energy efficiency in robotics software: a systematic literature review</title></titles><periodical><full-title>Proceedings of the 35th IEEE/ACM International Conference on Automated Software Engineering</full-title></periodical><pages>144–151</pages><dates><year>2021</year><pub-dates><date>2021</date></pub-dates></dates><publisher>Association for Computing Machinery</publisher><isbn>978-1-4503-8128-4</isbn><research-notes>The following values have no corresponding Zotero field:&#xD;periodical: Proceedings of the 35th IEEE/ACM International Conference on Automated Software Engineering&#xD;&#xD;The following values have no corresponding Zotero field:&#xD;periodical: Proceedings of the 35th IEEE/ACM International Conference on Automated Software Engineering</research-notes><urls><web-urls><url>https://doi.org/10.1145/3417113.3422997</url></web-urls></urls><custom1>Virtual Event, Australia</custom1><custom3>Proceedings of the 35th IEEE/ACM International Conference on Automated Software Engineering</custom3></record><record><database name="MyLibrary">MyLibrary</database><source-app name="Zotero">Zotero</source-app><ref-type name="Journal Article">17</ref-type><contributors><authors><author>Harman, Mark</author><author>Mansouri, S. Afshin</author><author>Zhang, Yuanyuan</author></authors></contributors><titles><title>Search-based software engineering: Trends, techniques and applications</title><secondary-title>ACM Comput. Surv.</secondary-title></titles><periodical><full-title>ACM Comput. Surv.</full-title></periodical><pages>Article 11</pages><volume>45</volume><number>1</number><issue>1</issue><keywords><keyword>survey, Software engineering, search-based techniques</keyword></keywords><dates><year>2012</year><pub-dates><date>2012</date></pub-dates></dates><urls><web-urls><url>https://doi.org/10.1145/2379776.2379787</url></web-urls></urls></record><record><database name="MyLibrary">MyLibrary</database><source-app name="Zotero">Zotero</source-app><ref-type name="Conference Proceedings">10</ref-type><contributors><authors><author>Memeti, Suejb</author><author>Pllana, Sabri</author><author>Binotto, Alécio</author><author>Kołodziej, Joanna</author><author>Brandic, Ivona</author></authors></contributors><titles><title>A Review of Machine Learning and Meta-heuristic Methods for Scheduling Parallel Computing Systems</title></titles><periodical><full-title>Proceedings of the International Conference on Learning and Optimization Algorithms: Theory and Applications</full-title></periodical><pages>Article 5</pages><keywords><keyword>scheduling, Parallel computing, machine learning, meta-heuristics</keyword></keywords><dates><year>2018</year><pub-dates><date>2018</date></pub-dates></dates><publisher>Association for Computing Machinery</publisher><isbn>978-1-4503-5304-5</isbn><research-notes>The following values have no corresponding Zotero field:&#xD;periodical: Proceedings of the International Conference on Learning and Optimization Algorithms: Theory and Applications&#xD;&#xD;The following values have no corresponding Zotero field:&#xD;periodical: Proceedings of the International Conference on Learning and Optimization Algorithms: Theory and Applications</research-notes><urls><web-urls><url>https://doi.org/10.1145/3230905.3230906</url></web-urls></urls><custom1>Rabat, Morocco</custom1><custom3>Proceedings of the International Conference on Learning and Optimization Algorithms: Theory and Applications</custom3></record><record><database name="MyLibrary">MyLibrary</database><source-app name="Zotero">Zotero</source-app><ref-type name="Conference Proceedings">10</ref-type><contributors><authors><author>Mualla, Yazan</author><author>Najjar, Amro</author><author>Galland, Stéphane</author><author>Nicolle, Christophe</author><author>Tchappi, Igor Haman</author><author>Yasar, Ansar-Ul-Haque</author><author>Främling, Kary</author></authors></contributors><titles><title>Between the Megalopolis and the Deep Blue Sky: Challenges of Transport with UAVs in Future Smart Cities</title></titles><periodical><full-title>Proceedings of the 18th International Conference on Autonomous Agents and MultiAgent Systems</full-title></periodical><pages>1649–1653</pages><keywords><keyword>smart cities, intelligent transport systems, multiagent systems, unmanned aerial vehicles</keyword></keywords><dates><year>2019</year><pub-dates><date>2019</date></pub-dates></dates><publisher>International Foundation for Autonomous Agents and Multiagent Systems</publisher><isbn>978-1-4503-6309-9</isbn><research-notes>The following values have no corresponding Zotero field:&#xD;periodical: Proceedings of the 18th International Conference on Autonomous Agents and MultiAgent Systems&#xD;&#xD;The following values have no corresponding Zotero field:&#xD;periodical: Proceedings of the 18th International Conference on Autonomous Agents and MultiAgent Systems</research-notes><custom1>Montreal QC, Canada</custom1><custom3>Proceedings of the 18th International Conference on Autonomous Agents and MultiAgent Systems</custom3></record><record><database name="MyLibrary">MyLibrary</database><source-app name="Zotero">Zotero</source-app><ref-type name="Conference Proceedings">10</ref-type><contributors><authors><author>Minetto, Alex</author><author>Nardin, Andrea</author><author>Dovis, Fabio</author></authors></contributors><titles><title>GNSS-only Collaborative Positioning Among Connected Vehicles</title></titles><periodical><full-title>Proceedings of the 1st ACM MobiHoc Workshop on Technologies, mOdels, and Protocols for Cooperative Connected Cars</full-title></periodical><pages>37–42</pages><dates><year>2019</year><pub-dates><date>2019</date></pub-dates></dates><publisher>Association for Computing Machinery</publisher><isbn>978-1-4503-6807-0</isbn><research-notes>The following values have no corresponding Zotero field:&#xD;periodical: Proceedings of the 1st ACM MobiHoc Workshop on Technologies, mOdels, and Protocols for Cooperative Connected Cars&#xD;&#xD;The following values have no corresponding Zotero field:&#xD;periodical: Proceedings of the 1st ACM MobiHoc Workshop on Technologies, mOdels, and Protocols for Cooperative Connected Cars</research-notes><urls><web-urls><url>https://doi.org/10.1145/3331054.3331552</url></web-urls></urls><custom1>Catania, Italy</custom1><custom3>Proceedings of the 1st ACM MobiHoc Workshop on Technologies, mOdels, and Protocols for Cooperative Connected Cars</custom3></record><record><database name="MyLibrary">MyLibrary</database><source-app name="Zotero">Zotero</source-app><ref-type name="Conference Proceedings">10</ref-type><contributors><authors><author>Fatima, Taskeen</author><author>Azam, Farooque</author><author>Anwar, Muhammad Waseem</author><author>Rasheed, Yawar</author></authors></contributors><titles><title>A Systematic Review on Software Project Scheduling and Task Assignment Approaches</title></titles><periodical><full-title>Proceedings of the 2020 6th International Conference on Computing and Artificial Intelligence</full-title></periodical><pages>369–373</pages><keywords><keyword>software project, software project scheduling, Task assignment, human resource allocation, task allocation, machine learning</keyword></keywords><dates><year>2020</year><pub-dates><date>2020</date></pub-dates></dates><publisher>Association for Computing Machinery</publisher><isbn>978-1-4503-7708-9</isbn><research-notes>The following values have no corresponding Zotero field:&#xD;periodical: Proceedings of the 2020 6th International Conference on Computing and Artificial Intelligence&#xD;&#xD;The following values have no corresponding Zotero field:&#xD;periodical: Proceedings of the 2020 6th International Conference on Computing and Artificial Intelligence</research-notes><urls><web-urls><url>https://doi.org/10.1145/3404555.3404588</url></web-urls></urls><custom1>Tianjin, China</custom1><custom3>Proceedings of the 2020 6th International Conference on Computing and Artificial Intelligence</custom3></record><record><database name="MyLibrary">MyLibrary</database><source-app name="Zotero">Zotero</source-app><ref-type name="Conference Proceedings">10</ref-type><contributors><authors><author>Amer, Ali A.</author><author>Mohamed, Marghny H.</author><author>Al_Asri, Khaled</author></authors></contributors><titles><title>On an Effective Hierarchical Clustering Based Model for Data Fragmentation and Allocation in Relational DDBS: Review and Proposal</title></titles><periodical><full-title>Proceedings of the 4th ACM International Conference of Computing for Engineering and Sciences</full-title></periodical><pages>Article 7</pages><keywords><keyword>Relational DB, Data Allocation, Clustering, Design, Greedy Algorithms, TC, DDBS, Fragmentation</keyword></keywords><dates><year>2018</year><pub-dates><date>2018</date></pub-dates></dates><publisher>Association for Computing Machinery</publisher><isbn>978-1-4503-6447-8</isbn><research-notes>The following values have no corresponding Zotero field:&#xD;periodical: Proceedings of the 4th ACM International Conference of Computing for Engineering and Sciences&#xD;&#xD;The following values have no corresponding Zotero field:&#xD;periodical: Proceedings of the 4th ACM International Conference of Computing for Engineering and Sciences</research-notes><urls><web-urls><url>https://doi.org/10.1145/3213187.3293604</url></web-urls></urls><custom1>Kuala Lumpur, Malaysia</custom1><custom3>Proceedings of the 4th ACM International Conference of Computing for Engineering and Sciences</custom3></record><record><database name="MyLibrary">MyLibrary</database><source-app name="Zotero">Zotero</source-app><ref-type name="Conference Proceedings">10</ref-type><contributors><authors><author>Cam-Winget, Nancy</author><author>Sadeghi, Ahmad-Reza</author><author>Jin, Yier</author></authors></contributors><titles><title>Invited - Can IoT be secured: emerging challenges in connecting the unconnected</title></titles><periodical><full-title>Proceedings of the 53rd Annual Design Automation Conference</full-title></periodical><pages>Article 122</pages><dates><year>2016</year><pub-dates><date>2016</date></pub-dates></dates><publisher>Association for Computing Machinery</publisher><isbn>978-1-4503-4236-0</isbn><research-notes>The following values have no corresponding Zotero field:&#xD;periodical: Proceedings of the 53rd Annual Design Automation Conference&#xD;&#xD;The following values have no corresponding Zotero field:&#xD;periodical: Proceedings of the 53rd Annual Design Automation Conference&#xD;&#xD;The following values have no corresponding Zotero field:&#xD;periodical: Proceedings of the 53rd Annual Design Automation Conference&#xD;&#xD;The following values have no corresponding Zotero field:&#xD;periodical: Proceedings of the 53rd Annual Design Automation Conference</research-notes><urls><web-urls><url>https://doi.org/10.1145/2897937.2905004</url></web-urls></urls><custom1>Austin, Texas</custom1><custom3>Proceedings of the 53rd Annual Design Automation Conference</custom3></record><record><database name="MyLibrary">MyLibrary</database><source-app name="Zotero">Zotero</source-app><ref-type name="Conference Proceedings">10</ref-type><contributors><authors><author>Sadeghi, Ahmad-Reza</author><author>Wachsmann, Christian</author><author>Waidner, Michael</author></authors></contributors><titles><title>Security and privacy challenges in industrial internet of things</title></titles><periodical><full-title>Proceedings of the 52nd Annual Design Automation Conference</full-title></periodical><pages>Article 54</pages><dates><year>2015</year><pub-dates><date>2015</date></pub-dates></dates><publisher>Association for Computing Machinery</publisher><isbn>978-1-4503-3520-1</isbn><research-notes>The following values have no corresponding Zotero field:&#xD;periodical: Proceedings of the 52nd Annual Design Automation Conference&#xD;&#xD;The following values have no corresponding Zotero field:&#xD;periodical: Proceedings of the 52nd Annual Design Automation Conference</research-notes><urls><web-urls><url>https://doi.org/10.1145/2744769.2747942</url></web-urls></urls><custom1>San Francisco, California</custom1><custom3>Proceedings of the 52nd Annual Design Automation Conference</custom3></record><record><database name="MyLibrary">MyLibrary</database><source-app name="Zotero">Zotero</source-app><ref-type name="Journal Article">17</ref-type><contributors><authors><author>Gheibi, Omid</author><author>Weyns, Danny</author><author>Quin, Federico</author></authors></contributors><titles><title>Applying Machine Learning in Self-adaptive Systems: A Systematic Literature Review</title><secondary-title>ACM Trans. Auton. Adapt. Syst.</secondary-title></titles><periodical><full-title>ACM Trans. Auton. Adapt. Syst.</full-title></periodical><pages>Article 9</pages><volume>15</volume><number>3</number><issue>3</issue><keywords><keyword>Self-adaptation, MAPE-K, feedback loops</keyword></keywords><dates><year>2021</year><pub-dates><date>2021</date></pub-dates></dates><urls><web-urls><url>https://doi.org/10.1145/3469440</url></web-urls></urls></record><record><database name="MyLibrary">MyLibrary</database><source-app name="Zotero">Zotero</source-app><ref-type name="Conference Proceedings">10</ref-type><contributors><authors><author>Hagemann, Tanja</author><author>Katsarou, Katerina</author></authors></contributors><titles><title>A Systematic Review on Anomaly Detection for Cloud Computing Environments</title></titles><periodical><full-title>Proceedings of the 2020 3rd Artificial Intelligence and Cloud Computing Conference</full-title></periodical><pages>83–96</pages><keywords><keyword>Anomaly Detection, Machine learning, Cloud Computing, Intrusion Detection, AIOps.</keyword></keywords><dates><year>2021</year><pub-dates><date>2021</date></pub-dates></dates><publisher>Association for Computing Machinery</publisher><isbn>978-1-4503-8883-2</isbn><research-notes>The following values have no corresponding Zotero field:&#xD;periodical: Proceedings of the 2020 3rd Artificial Intelligence and Cloud Computing Conference&#xD;&#xD;The following values have no corresponding Zotero field:&#xD;periodical: Proceedings of the 2020 3rd Artificial Intelligence and Cloud Computing Conference</research-notes><urls><web-urls><url>https://doi.org/10.1145/3442536.3442550</url></web-urls></urls><custom1>Kyoto, Japan</custom1><custom3>Proceedings of the 2020 3rd Artificial Intelligence and Cloud Computing Conference</custom3></record><record><database name="MyLibrary">MyLibrary</database><source-app name="Zotero">Zotero</source-app><ref-type name="Conference Proceedings">10</ref-type><contributors><authors><author>Davis, Christopher W. H.</author><author>Giabbanelli, Philippe J.</author><author>Jetter, Antonie J.</author></authors></contributors><titles><title>The intersection of agent based models and fuzzy cognitive maps: a review of an emerging hybrid modeling practice</title></titles><periodical><full-title>Proceedings of the Winter Simulation Conference</full-title></periodical><pages>1292–1303</pages><dates><year>2020</year><pub-dates><date>2020</date></pub-dates></dates><publisher>IEEE Press</publisher><isbn>978-1-72813-283-9</isbn><research-notes>The following values have no corresponding Zotero field:&#xD;periodical: Proceedings of the Winter Simulation Conference&#xD;&#xD;The following values have no corresponding Zotero field:&#xD;periodical: Proceedings of the Winter Simulation Conference</research-notes><custom1>National Harbor, Maryland</custom1><custom3>Proceedings of the Winter Simulation Conference</custom3></record><record><database name="MyLibrary">MyLibrary</database><source-app name="Zotero">Zotero</source-app><ref-type name="Journal Article">17</ref-type><contributors><authors><author>Tang, Xiaoying</author><author>Sun, Chenxi</author><author>Bi, Suzhi</author><author>Wang, Shuoyao</author><author>Zhang, Angela Yingjun</author></authors></contributors><titles><title>A holistic review on advanced bi-directional EV charging control algorithms</title><secondary-title>SIGENERGY Energy Inform. Rev.</secondary-title></titles><periodical><full-title>SIGENERGY Energy Inform. Rev.</full-title></periodical><pages>78–88</pages><volume>1</volume><number>1</number><issue>1</issue><keywords><keyword>V2G, bi-directional charging control, electric vehicle (EV)</keyword></keywords><dates><year>2022</year><pub-dates><date>2022</date></pub-dates></dates><urls><web-urls><url>https://doi.org/10.1145/3508467.3508474</url></web-urls></urls></record><record><database name="MyLibrary">MyLibrary</database><source-app name="Zotero">Zotero</source-app><ref-type name="Journal Article">17</ref-type><contributors><authors><author>Chandra, Ranveer</author><author>Collis, Stewart</author></authors></contributors><titles><title>Digital agriculture for small-scale producers: challenges and opportunities</title><secondary-title>Commun. ACM</secondary-title></titles><periodical><full-title>Commun. ACM</full-title></periodical><pages>75–84</pages><volume>64</volume><number>12</number><issue>12</issue><dates><year>2021</year><pub-dates><date>2021</date></pub-dates></dates><urls><web-urls><url>https://doi.org/10.1145/3454008</url></web-urls></urls></record><record><database name="MyLibrary">MyLibrary</database><source-app name="Zotero">Zotero</source-app><ref-type name="Conference Proceedings">10</ref-type><contributors><authors><author>Oliveira, Taina Ribeiro de</author><author>Silva, Matheus Moura da</author><author>Spinasse, Rafael Antonio Nepomuceno</author><author>Ludke, Gabriel Giesen</author><author>Gaudio, Mateus Ruy Soares</author><author>Gomes, Guilherme Iglesias Rocha</author><author>Cotini, Luan Guio</author><author>Vargens, Daniel</author><author>SCHIMIDT, MARCELO QUEIROZ</author><author>Andreao, Rodrigo Varejao</author><author>Mestria, Mario</author></authors></contributors><titles><title>Systematic Review of Virtual Reality Solutions Employing Artificial Intelligence Methods</title></titles><periodical><full-title>Symposium on Virtual and Augmented Reality</full-title></periodical><pages>42–55</pages><keywords><keyword>Intelligent virtual environments, Artificial intelligence, Literature review, Industry 4.0, Virtual reality</keyword></keywords><dates><year>2022</year><pub-dates><date>2022</date></pub-dates></dates><publisher>Association for Computing Machinery</publisher><isbn>978-1-4503-9552-6</isbn><research-notes>The following values have no corresponding Zotero field:&#xD;periodical: Symposium on Virtual and Augmented Reality&#xD;&#xD;The following values have no corresponding Zotero field:&#xD;periodical: Symposium on Virtual and Augmented Reality</research-notes><urls><web-urls><url>https://doi.org/10.1145/3488162.3488209</url></web-urls></urls><custom1>Virtual Event, Brazil</custom1><custom3>Symposium on Virtual and Augmented Reality</custom3></record><record><database name="MyLibrary">MyLibrary</database><source-app name="Zotero">Zotero</source-app><ref-type name="Conference Proceedings">10</ref-type><contributors><authors><author>Taylor, Simon J. E.</author><author>Brailsford, Sally</author><author>Chick, Stephen E.</author><author>L'Ecuyer, Pierre</author><author>Macal, Charles M.</author><author>Nelson, Barry L.</author></authors></contributors><titles><title>Modeling and simulation grand challenges: an OR/MS perspective</title></titles><periodical><full-title>Proceedings of the 2013 Winter Simulation Conference: Simulation: Making Decisions in a Complex World</full-title></periodical><pages>1269–1282</pages><dates><year>2013</year><pub-dates><date>2013</date></pub-dates></dates><publisher>IEEE Press</publisher><isbn>978-1-4799-2077-8</isbn><research-notes>The following values have no corresponding Zotero field:&#xD;periodical: Proceedings of the 2013 Winter Simulation Conference: Simulation: Making Decisions in a Complex World&#xD;&#xD;The following values have no corresponding Zotero field:&#xD;periodical: Proceedings of the 2013 Winter Simulation Conference: Simulation: Making Decisions in a Complex World</research-notes><custom1>Washington, D.C.</custom1><custom3>Proceedings of the 2013 Winter Simulation Conference: Simulation: Making Decisions in a Complex World</custom3></record></records></xml>